name,type_1,type_2,rarity,stage,shape,color,total_stats,height,weight
bulbasaur,grass,poison,regular,s1c3,quadruped,green,318,0.7,6.9
ivysaur,grass,poison,regular,s2c3,quadruped,green,405,1.0,13.0
venusaur,grass,poison,regular,s3c3,quadruped,green,525,2.0,100.0
charmander,fire,,regular,s1c3,upright,red,309,0.6,8.5
charmeleon,fire,,regular,s2c3,upright,red,405,1.1,19.0
charizard,fire,flying,regular,s3c3,upright,red,534,1.7,90.5
squirtle,water,,regular,s1c3,upright,blue,314,0.5,9.0
wartortle,water,,regular,s2c3,upright,blue,405,1.0,22.5
blastoise,water,,regular,s3c3,upright,blue,530,1.6,85.5
caterpie,bug,,regular,s1c3,armor,green,195,0.3,2.9
metapod,bug,,regular,s2c3,squiggle,green,205,0.7,9.9
butterfree,bug,flying,regular,s3c3,bug-wings,white,395,1.1,32.0
weedle,bug,poison,regular,s1c3,armor,brown,195,0.3,3.2
kakuna,bug,poison,regular,s2c3,squiggle,yellow,205,0.6,10.0
beedrill,bug,poison,regular,s3c3,bug-wings,yellow,395,1.0,29.5
pidgey,normal,flying,regular,s1c3,wings,brown,251,0.3,1.8
pidgeotto,normal,flying,regular,s2c3,wings,brown,349,1.1,30.0
pidgeot,normal,flying,regular,s3c3,wings,brown,479,1.5,39.5
rattata,normal,,regular,s1c2,quadruped,purple,253,0.3,3.5
raticate,normal,,regular,s2c2,quadruped,brown,413,0.7,18.5
spearow,normal,flying,regular,s1c2,wings,brown,262,0.3,2.0
fearow,normal,flying,regular,s2c2,wings,brown,442,1.2,38.0
ekans,poison,,regular,s1c2,squiggle,purple,288,2.0,6.9
arbok,poison,,regular,s2c2,squiggle,purple,448,3.5,65.0
pikachu,electric,,regular,s2c3,quadruped,yellow,320,0.4,6.0
raichu,electric,,regular,s3c3,upright,yellow,485,0.8,30.0
sandshrew,ground,,regular,s1c2,upright,yellow,300,0.6,12.0
sandslash,ground,,regular,s2c2,upright,yellow,450,1.0,29.5
nidoran_f,poison,,regular,single,quadruped,blue,275,0.4,7.0
nidorina,poison,,regular,s2c3,quadruped,blue,365,0.8,20.0
nidoqueen,poison,ground,regular,s3c3,upright,blue,505,1.3,60.0
nidoran_m,poison,,regular,single,quadruped,purple,273,0.5,9.0
nidorino,poison,,regular,s2c3,quadruped,purple,365,0.9,19.5
nidoking,poison,ground,regular,s3c3,upright,purple,505,1.4,62.0
clefairy,fairy,,regular,s2c3,upright,pink,323,0.6,7.5
clefable,fairy,,regular,s3c3,upright,pink,483,1.3,40.0
vulpix,fire,,regular,s1c2,quadruped,brown,299,0.6,9.9
ninetales,fire,,regular,s2c2,quadruped,yellow,505,1.1,19.9
jigglypuff,normal,fairy,regular,s2c3,humanoid,pink,270,0.5,5.5
wigglytuff,normal,fairy,regular,s3c3,humanoid,pink,435,1.0,12.0
zubat,poison,flying,regular,s1c3,wings,purple,245,0.8,7.5
golbat,poison,flying,regular,s2c3,wings,purple,455,1.6,55.0
oddish,grass,poison,regular,s1c3,legs,blue,320,0.5,5.4
gloom,grass,poison,regular,s2c3,humanoid,blue,395,0.8,8.6
vileplume,grass,poison,regular,s3c3,humanoid,red,490,1.2,18.6
paras,bug,grass,regular,s1c2,armor,red,285,0.3,5.4
parasect,bug,grass,regular,s2c2,armor,red,405,1.0,29.5
venonat,bug,poison,regular,s1c2,humanoid,purple,305,1.0,30.0
venomoth,bug,poison,regular,s2c2,bug-wings,purple,450,1.5,12.5
diglett,ground,,regular,s1c2,blob,brown,265,0.2,0.8
dugtrio,ground,,regular,s2c2,heads,brown,425,0.7,33.3
meowth,normal,,regular,s1c2,quadruped,yellow,290,0.4,4.2
persian,normal,,regular,s2c2,quadruped,yellow,440,1.0,32.0
psyduck,water,,regular,s1c2,upright,yellow,320,0.8,19.6
golduck,water,,regular,s2c2,upright,blue,500,1.7,76.6
mankey,fighting,,regular,s1c3,upright,brown,305,0.5,28.0
primeape,fighting,,regular,s2c3,upright,brown,455,1.0,32.0
growlithe,fire,,regular,s1c2,quadruped,brown,350,0.7,19.0
arcanine,fire,,regular,s2c2,quadruped,brown,555,1.9,155.0
poliwag,water,,regular,s1c3,legs,blue,300,0.6,12.4
poliwhirl,water,,regular,s2c3,humanoid,blue,385,1.0,20.0
poliwrath,water,fighting,regular,s3c3,humanoid,blue,510,1.3,54.0
abra,psychic,,regular,s1c3,upright,brown,310,0.9,19.5
kadabra,psychic,,regular,s2c3,upright,brown,400,1.3,56.5
alakazam,psychic,,regular,s3c3,humanoid,brown,500,1.5,48.0
machop,fighting,,regular,s1c3,upright,gray,305,0.8,19.5
machoke,fighting,,regular,s2c3,humanoid,gray,405,1.5,70.5
machamp,fighting,,regular,s3c3,humanoid,gray,505,1.6,130.0
bellsprout,grass,poison,regular,s1c3,humanoid,green,300,0.7,4.0
weepinbell,grass,poison,regular,s2c3,blob,green,390,1.0,6.4
victreebel,grass,poison,regular,s3c3,blob,green,490,1.7,15.5
tentacool,water,poison,regular,s1c2,tentacles,blue,335,0.9,45.5
tentacruel,water,poison,regular,s2c2,tentacles,blue,515,1.6,55.0
geodude,rock,ground,regular,s1c3,arms,brown,300,0.4,20.0
graveler,rock,ground,regular,s2c3,humanoid,brown,390,1.0,105.0
golem,rock,ground,regular,s3c3,humanoid,brown,495,1.4,300.0
ponyta,fire,,regular,s1c2,quadruped,yellow,410,1.0,30.0
rapidash,fire,,regular,s2c2,quadruped,yellow,500,1.7,95.0
slowpoke,water,psychic,regular,s1c2,quadruped,pink,315,1.2,36.0
slowbro,water,psychic,regular,s2c2,upright,pink,490,1.6,78.5
magnemite,electric,steel,regular,s1c3,arms,gray,325,0.3,6.0
magneton,electric,steel,regular,s2c3,heads,gray,465,1.0,60.0
farfetchd,normal,flying,regular,s1c2,wings,brown,377,0.8,15.0
doduo,normal,flying,regular,s1c2,legs,brown,310,1.4,39.2
dodrio,normal,flying,regular,s2c2,legs,brown,470,1.8,85.2
seel,water,,regular,s1c2,fish,white,325,1.1,90.0
dewgong,water,ice,regular,s2c2,fish,white,475,1.7,120.0
grimer,poison,,regular,s1c2,arms,purple,325,0.9,30.0
muk,poison,,regular,s2c2,arms,purple,500,1.2,30.0
shellder,water,,regular,s1c2,ball,purple,305,0.3,4.0
cloyster,water,ice,regular,s2c2,ball,purple,525,1.5,132.5
gastly,ghost,poison,regular,s1c3,ball,purple,310,1.3,0.1
haunter,ghost,poison,regular,s2c3,arms,purple,405,1.6,0.1
gengar,ghost,poison,regular,s3c3,upright,purple,500,1.5,40.5
onix,rock,ground,regular,s1c2,squiggle,gray,385,8.8,210.0
drowzee,psychic,,regular,s1c2,humanoid,yellow,328,1.0,32.4
hypno,psychic,,regular,s2c2,humanoid,yellow,483,1.6,75.6
krabby,water,,regular,s1c2,armor,red,325,0.4,6.5
kingler,water,,regular,s2c2,armor,red,475,1.3,60.0
voltorb,electric,,regular,s1c2,ball,red,330,0.5,10.4
electrode,electric,,regular,s2c2,ball,red,490,1.2,66.6
exeggcute,grass,psychic,regular,s1c2,heads,pink,325,0.4,2.5
exeggutor,grass,psychic,regular,s2c2,legs,yellow,530,2.0,120.0
cubone,ground,,regular,s1c2,upright,brown,320,0.4,6.5
marowak,ground,,regular,s2c2,upright,brown,425,1.0,45.0
hitmonlee,fighting,,regular,s2c2,humanoid,brown,455,1.5,49.8
hitmonchan,fighting,,regular,s2c2,humanoid,brown,455,1.4,50.2
lickitung,normal,,regular,s1c2,upright,pink,385,1.2,65.5
koffing,poison,,regular,s1c2,ball,purple,340,0.6,1.0
weezing,poison,,regular,s2c2,heads,purple,490,1.2,9.5
rhyhorn,ground,rock,regular,s1c3,quadruped,gray,345,1.0,115.0
rhydon,ground,rock,regular,s2c3,upright,gray,485,1.9,120.0
chansey,normal,,regular,s2c3,upright,pink,450,1.1,34.6
tangela,grass,,regular,s1c2,legs,blue,435,1.0,35.0
kangaskhan,normal,,regular,single,upright,brown,490,2.2,80.0
horsea,water,,regular,s1c3,blob,blue,295,0.4,8.0
seadra,water,,regular,s2c3,blob,blue,440,1.2,25.0
goldeen,water,,regular,s1c2,fish,red,320,0.6,15.0
seaking,water,,regular,s2c2,fish,red,450,1.3,39.0
staryu,water,,regular,s1c2,blob,brown,340,0.8,34.5
starmie,water,psychic,regular,s2c2,blob,purple,520,1.1,80.0
mr_mime,psychic,fairy,regular,single,humanoid,pink,460,1.3,54.5
scyther,bug,flying,regular,s1c2,bug-wings,green,500,1.5,56.0
jynx,ice,psychic,regular,s2c2,humanoid,red,455,1.4,40.6
electabuzz,electric,,regular,s2c3,upright,yellow,490,1.1,30.0
magmar,fire,,regular,s2c3,upright,red,495,1.3,44.5
pinsir,bug,,regular,single,humanoid,brown,500,1.5,55.0
tauros,normal,,regular,single,quadruped,brown,490,1.4,88.4
magikarp,water,,regular,s1c2,fish,red,200,0.9,10.0
gyarados,water,flying,regular,s2c2,squiggle,blue,540,6.5,235.0
lapras,water,ice,regular,single,fish,blue,535,2.5,220.0
ditto,normal,,regular,single,ball,purple,288,0.3,4.0
eevee,normal,,regular,s1c2,quadruped,brown,325,0.3,6.5
vaporeon,water,,regular,s2c2,quadruped,blue,525,1.0,29.0
jolteon,electric,,regular,s2c2,quadruped,yellow,525,0.8,24.5
flareon,fire,,regular,s2c2,quadruped,red,525,0.9,25.0
porygon,normal,,regular,s1c3,legs,pink,395,0.8,36.5
omanyte,rock,water,regular,s1c2,tentacles,blue,355,0.4,7.5
omastar,rock,water,regular,s2c2,tentacles,blue,495,1.0,35.0
kabuto,rock,water,regular,s1c2,armor,brown,355,0.5,11.5
kabutops,rock,water,regular,s2c2,upright,brown,495,1.3,40.5
aerodactyl,rock,flying,regular,single,wings,purple,515,1.8,59.0
snorlax,normal,,regular,s2c2,humanoid,black,540,2.1,460.0
articuno,ice,flying,legendary,single,wings,blue,580,1.7,55.4
zapdos,electric,flying,legendary,single,wings,yellow,580,1.6,52.6
moltres,fire,flying,legendary,single,wings,yellow,580,2.0,60.0
dratini,dragon,,regular,s1c3,squiggle,blue,300,1.8,3.3
dragonair,dragon,,regular,s2c3,squiggle,blue,420,4.0,16.5
dragonite,dragon,flying,regular,s3c3,upright,brown,600,2.2,210.0
mewtwo,psychic,,legendary,single,upright,purple,680,2.0,122.0
mew,psychic,,legendary,single,upright,pink,600,0.4,4.0
chikorita,grass,,regular,s1c3,quadruped,green,318,0.9,6.4
bayleef,grass,,regular,s2c3,quadruped,green,405,1.2,15.8
meganium,grass,,regular,s3c3,quadruped,green,525,1.8,100.5
cyndaquil,fire,,regular,s1c3,humanoid,yellow,309,0.5,7.9
quilava,fire,,regular,s2c3,quadruped,yellow,405,0.9,19.0
typhlosion,fire,,regular,s3c3,quadruped,yellow,534,1.7,79.5
totodile,water,,regular,s1c3,upright,blue,314,0.6,9.5
croconaw,water,,regular,s2c3,upright,blue,405,1.1,25.0
feraligatr,water,,regular,s3c3,upright,blue,530,2.3,88.8
sentret,normal,,regular,s1c2,quadruped,brown,215,0.8,6.0
furret,normal,,regular,s2c2,quadruped,brown,415,1.8,32.5
hoothoot,normal,flying,regular,s1c2,wings,brown,262,0.7,21.2
noctowl,normal,flying,regular,s2c2,wings,brown,452,1.6,40.8
ledyba,bug,flying,regular,s1c2,wings,red,265,1.0,10.8
ledian,bug,flying,regular,s2c2,wings,red,390,1.4,35.6
spinarak,bug,poison,regular,s1c2,armor,green,250,0.5,8.5
ariados,bug,poison,regular,s2c2,armor,red,400,1.1,33.5
crobat,poison,flying,regular,s3c3,bug-wings,purple,535,1.8,75.0
chinchou,water,electric,regular,s1c2,fish,blue,330,0.5,12.0
lanturn,water,electric,regular,s2c2,fish,blue,460,1.2,22.5
pichu,electric,,regular,s1c3,quadruped,yellow,205,0.3,2.0
cleffa,fairy,,regular,s1c3,upright,pink,218,0.3,3.0
igglybuff,normal,fairy,regular,s1c3,humanoid,pink,210,0.3,1.0
togepi,fairy,,regular,s1c3,humanoid,white,245,0.3,1.5
togetic,fairy,flying,regular,s2c3,humanoid,white,405,0.6,3.2
natu,psychic,flying,regular,s1c2,wings,green,320,0.2,2.0
xatu,psychic,flying,regular,s2c2,wings,green,470,1.5,15.0
mareep,electric,,regular,s1c3,quadruped,white,280,0.6,7.8
flaaffy,electric,,regular,s2c3,upright,pink,365,0.8,13.3
ampharos,electric,,regular,s3c3,upright,yellow,510,1.4,61.5
bellossom,grass,,regular,s3c3,humanoid,green,490,0.4,5.8
marill,water,fairy,regular,s2c3,upright,blue,250,0.4,8.5
azumarill,water,fairy,regular,s3c3,upright,blue,420,0.8,28.5
sudowoodo,rock,,regular,s2c2,humanoid,brown,410,1.2,38.0
politoed,water,,regular,s3c3,humanoid,green,500,1.1,33.9
hoppip,grass,flying,regular,s1c3,upright,pink,250,0.4,0.5
skiploom,grass,flying,regular,s2c3,upright,green,340,0.6,1.0
jumpluff,grass,flying,regular,s3c3,upright,blue,460,0.8,3.0
aipom,normal,,regular,s1c2,upright,purple,360,0.8,11.5
sunkern,grass,,regular,s1c2,ball,yellow,180,0.3,1.8
sunflora,grass,,regular,s2c2,humanoid,yellow,425,0.8,8.5
yanma,bug,flying,regular,s1c2,bug-wings,red,390,1.2,38.0
wooper,water,ground,regular,s1c2,legs,blue,210,0.4,8.5
quagsire,water,ground,regular,s2c2,upright,blue,430,1.4,75.0
espeon,psychic,,regular,s2c2,quadruped,purple,525,0.9,26.5
umbreon,dark,,regular,s2c2,quadruped,black,525,1.0,27.0
murkrow,dark,flying,regular,s1c2,wings,black,405,0.5,2.1
slowking,water,psychic,regular,s2c2,upright,pink,490,2.0,79.5
misdreavus,ghost,,regular,s1c2,ball,gray,435,0.7,1.0
unown,psychic,,regular,single,ball,black,336,0.5,5.0
wobbuffet,psychic,,regular,s2c2,blob,blue,405,1.3,28.5
girafarig,normal,psychic,regular,s1c2,quadruped,yellow,455,1.5,41.5
pineco,bug,,regular,s1c2,ball,gray,290,0.6,7.2
forretress,bug,steel,regular,s2c2,ball,purple,465,1.2,125.8
dunsparce,normal,,regular,s1c2,squiggle,yellow,415,1.5,14.0
gligar,ground,flying,regular,s1c2,wings,purple,430,1.1,64.8
steelix,steel,ground,regular,s2c2,squiggle,gray,510,9.2,400.0
snubbull,fairy,,regular,s1c2,humanoid,pink,300,0.6,7.8
granbull,fairy,,regular,s2c2,upright,purple,450,1.4,48.7
qwilfish,water,poison,regular,s1c2,fish,gray,440,0.5,3.9
scizor,bug,steel,regular,s2c2,bug-wings,red,500,1.8,118.0
shuckle,bug,rock,regular,single,armor,yellow,505,0.6,20.5
heracross,bug,fighting,regular,single,humanoid,blue,500,1.5,54.0
sneasel,dark,ice,regular,s1c2,upright,black,430,0.9,28.0
teddiursa,normal,,regular,s1c3,upright,brown,330,0.6,8.8
ursaring,normal,,regular,s2c3,upright,brown,500,1.8,125.8
slugma,fire,,regular,s1c2,squiggle,red,250,0.7,35.0
magcargo,fire,rock,regular,s2c2,squiggle,red,430,0.8,55.0
swinub,ice,ground,regular,s1c3,quadruped,brown,250,0.4,6.5
piloswine,ice,ground,regular,s2c3,quadruped,brown,450,1.1,55.8
corsola,water,rock,regular,s1c2,armor,pink,410,0.6,5.0
remoraid,water,,regular,s1c2,fish,gray,300,0.6,12.0
octillery,water,,regular,s2c2,tentacles,red,480,0.9,28.5
delibird,ice,flying,regular,single,wings,red,330,0.9,16.0
mantine,water,flying,regular,s2c2,wings,purple,485,2.1,220.0
skarmory,steel,flying,regular,single,wings,gray,465,1.7,50.5
houndour,dark,fire,regular,s1c2,quadruped,black,330,0.6,10.8
houndoom,dark,fire,regular,s2c2,quadruped,black,500,1.4,35.0
kingdra,water,dragon,regular,s3c3,blob,blue,540,1.8,152.0
phanpy,ground,,regular,s1c2,quadruped,blue,330,0.5,33.5
donphan,ground,,regular,s2c2,quadruped,gray,500,1.1,120.0
porygon2,normal,,regular,s2c3,legs,red,515,0.6,32.5
stantler,normal,,regular,s1c2,quadruped,brown,465,1.4,71.2
smeargle,normal,,regular,single,upright,white,250,1.2,58.0
tyrogue,fighting,,regular,s1c2,humanoid,purple,210,0.7,21.0
hitmontop,fighting,,regular,s2c2,upright,brown,455,1.4,48.0
smoochum,ice,psychic,regular,s1c2,humanoid,pink,305,0.4,6.0
elekid,electric,,regular,s1c3,humanoid,yellow,360,0.6,23.5
magby,fire,,regular,s1c3,upright,red,365,0.7,21.4
miltank,normal,,regular,single,upright,pink,490,1.2,75.5
blissey,normal,,regular,s3c3,humanoid,pink,540,1.5,46.8
raikou,electric,,legendary,single,quadruped,yellow,580,1.9,178.0
entei,fire,,legendary,single,quadruped,brown,580,2.1,198.0
suicune,water,,legendary,single,quadruped,blue,580,2.0,187.0
larvitar,rock,ground,regular,s1c3,upright,green,300,0.6,72.0
pupitar,rock,ground,regular,s2c3,squiggle,gray,410,1.2,152.0
tyranitar,rock,dark,regular,s3c3,upright,green,600,2.0,202.0
lugia,psychic,flying,legendary,single,wings,white,680,5.2,216.0
ho_oh,fire,flying,legendary,single,wings,red,680,3.8,199.0
celebi,psychic,grass,legendary,single,humanoid,green,600,0.6,5.0
treecko,grass,,regular,s1c3,upright,green,310,0.5,5.0
grovyle,grass,,regular,s2c3,upright,green,405,0.9,21.6
sceptile,grass,,regular,s3c3,upright,green,530,1.7,52.2
torchic,fire,,regular,s1c3,legs,red,310,0.4,2.5
combusken,fire,fighting,regular,s2c3,upright,red,405,0.9,19.5
blaziken,fire,fighting,regular,s3c3,upright,red,530,1.9,52.0
mudkip,water,,regular,s1c3,quadruped,blue,310,0.4,7.6
marshtomp,water,ground,regular,s2c3,upright,blue,405,0.7,28.0
swampert,water,ground,regular,s3c3,upright,blue,535,1.5,81.9
poochyena,dark,,regular,s1c2,quadruped,gray,220,0.5,13.6
mightyena,dark,,regular,s2c2,quadruped,gray,420,1.0,37.0
zigzagoon,normal,,regular,s1c3,quadruped,brown,240,0.4,17.5
linoone,normal,,regular,s2c3,quadruped,white,420,0.5,32.5
wurmple,bug,,regular,s1c3,armor,red,195,0.3,3.6
silcoon,bug,,regular,s2c3,ball,white,205,0.6,10.0
beautifly,bug,flying,regular,s3c3,bug-wings,yellow,395,1.0,28.4
cascoon,bug,,regular,s2c3,ball,purple,205,0.7,11.5
dustox,bug,poison,regular,s3c3,bug-wings,green,385,1.2,31.6
lotad,water,grass,regular,s1c3,armor,green,220,0.5,2.6
lombre,water,grass,regular,s2c3,humanoid,green,340,1.2,32.5
ludicolo,water,grass,regular,s3c3,humanoid,green,480,1.5,55.0
seedot,grass,,regular,s1c3,legs,brown,220,0.5,4.0
nuzleaf,grass,dark,regular,s2c3,humanoid,brown,340,1.0,28.0
shiftry,grass,dark,regular,s3c3,humanoid,brown,480,1.3,59.6
taillow,normal,flying,regular,s1c2,wings,blue,270,0.3,2.3
swellow,normal,flying,regular,s2c2,wings,blue,455,0.7,19.8
wingull,water,flying,regular,s1c2,wings,white,270,0.6,9.5
pelipper,water,flying,regular,s2c2,wings,yellow,440,1.2,28.0
ralts,psychic,fairy,regular,s1c3,humanoid,white,198,0.4,6.6
kirlia,psychic,fairy,regular,s2c3,humanoid,white,278,0.8,20.2
gardevoir,psychic,fairy,regular,s3c3,humanoid,white,518,1.6,48.4
surskit,bug,water,regular,s1c2,armor,blue,269,0.5,1.7
masquerain,bug,flying,regular,s2c2,bug-wings,blue,454,0.8,3.6
shroomish,grass,,regular,s1c2,legs,brown,295,0.4,4.5
breloom,grass,fighting,regular,s2c2,upright,green,460,1.2,39.2
slakoth,normal,,regular,s1c3,quadruped,brown,280,0.8,24.0
vigoroth,normal,,regular,s2c3,upright,white,440,1.4,46.5
slaking,normal,,regular,s3c3,humanoid,brown,670,2.0,130.5
nincada,bug,ground,regular,s1c2,armor,gray,266,0.5,5.5
ninjask,bug,flying,regular,s2c2,bug-wings,yellow,456,0.8,12.0
shedinja,bug,ghost,regular,s2c2,blob,brown,236,0.8,1.2
whismur,normal,,regular,s1c3,upright,pink,240,0.6,16.3
loudred,normal,,regular,s2c3,upright,blue,360,1.0,40.5
exploud,normal,,regular,s3c3,upright,blue,490,1.5,84.0
makuhita,fighting,,regular,s1c2,humanoid,yellow,237,1.0,86.4
hariyama,fighting,,regular,s2c2,humanoid,brown,474,2.3,253.8
azurill,normal,fairy,regular,s1c3,legs,blue,190,0.2,2.0
nosepass,rock,,regular,s1c2,humanoid,gray,375,1.0,97.0
skitty,normal,,regular,s1c2,quadruped,pink,260,0.6,11.0
delcatty,normal,,regular,s2c2,quadruped,purple,400,1.1,32.6
sableye,dark,ghost,regular,single,humanoid,purple,380,0.5,11.0
mawile,steel,fairy,regular,single,humanoid,black,380,0.6,11.5
aron,steel,rock,regular,s1c3,quadruped,gray,330,0.4,60.0
lairon,steel,rock,regular,s2c3,quadruped,gray,430,0.9,120.0
aggron,steel,rock,regular,s3c3,upright,gray,530,2.1,360.0
meditite,fighting,psychic,regular,s1c2,humanoid,blue,280,0.6,11.2
medicham,fighting,psychic,regular,s2c2,humanoid,red,410,1.3,31.5
electrike,electric,,regular,s1c2,quadruped,green,295,0.6,15.2
manectric,electric,,regular,s2c2,quadruped,yellow,475,1.5,40.2
plusle,electric,,regular,single,upright,yellow,405,0.4,4.2
minun,electric,,regular,single,upright,yellow,405,0.4,4.2
volbeat,bug,,regular,single,upright,gray,430,0.7,17.7
illumise,bug,,regular,single,humanoid,purple,430,0.6,17.7
roselia,grass,poison,regular,s2c3,humanoid,green,400,0.3,2.0
gulpin,poison,,regular,s1c2,arms,green,302,0.4,10.3
swalot,poison,,regular,s2c2,arms,purple,467,1.7,80.0
carvanha,water,dark,regular,s1c2,fish,red,305,0.8,20.8
sharpedo,water,dark,regular,s2c2,fish,blue,460,1.8,88.8
wailmer,water,,regular,s1c2,fish,blue,400,2.0,130.0
wailord,water,,regular,s2c2,fish,blue,500,14.5,398.0
numel,fire,ground,regular,s1c2,quadruped,yellow,305,0.7,24.0
camerupt,fire,ground,regular,s2c2,quadruped,red,460,1.9,220.0
torkoal,fire,,regular,single,quadruped,brown,470,0.5,80.4
spoink,psychic,,regular,s1c2,arms,black,330,0.7,30.6
grumpig,psychic,,regular,s2c2,upright,purple,470,0.9,71.5
spinda,normal,,regular,single,upright,brown,360,1.1,5.0
trapinch,ground,,regular,s1c3,armor,brown,290,0.7,15.0
vibrava,ground,dragon,regular,s2c3,bug-wings,green,340,1.1,15.3
flygon,ground,dragon,regular,s3c3,wings,green,520,2.0,82.0
cacnea,grass,,regular,s1c2,humanoid,green,335,0.4,51.3
cacturne,grass,dark,regular,s2c2,humanoid,green,475,1.3,77.4
swablu,normal,flying,regular,s1c2,wings,blue,310,0.4,1.2
altaria,dragon,flying,regular,s2c2,wings,blue,490,1.1,20.6
zangoose,normal,,regular,single,upright,white,458,1.3,40.3
seviper,poison,,regular,single,squiggle,black,458,2.7,52.5
lunatone,rock,psychic,regular,single,ball,yellow,460,1.0,168.0
solrock,rock,psychic,regular,single,ball,red,460,1.2,154.0
barboach,water,ground,regular,s1c2,fish,gray,288,0.4,1.9
whiscash,water,ground,regular,s2c2,fish,blue,468,0.9,23.6
corphish,water,,regular,s1c2,armor,red,308,0.6,11.5
crawdaunt,water,dark,regular,s2c2,armor,red,468,1.1,32.8
baltoy,ground,psychic,regular,s1c2,arms,brown,300,0.5,21.5
claydol,ground,psychic,regular,s2c2,arms,black,500,1.5,108.0
lileep,rock,grass,regular,s1c2,blob,purple,355,1.0,23.8
cradily,rock,grass,regular,s2c2,blob,green,495,1.5,60.4
anorith,rock,bug,regular,s1c2,armor,gray,355,0.7,12.5
armaldo,rock,bug,regular,s2c2,upright,gray,495,1.5,68.2
feebas,water,,regular,s1c2,fish,brown,200,0.6,7.4
milotic,water,,regular,s2c2,squiggle,pink,540,6.2,162.0
castform,normal,,regular,single,ball,gray,420,0.3,0.8
kecleon,normal,,regular,single,upright,green,440,1.0,22.0
shuppet,ghost,,regular,s1c2,ball,black,295,0.6,2.3
banette,ghost,,regular,s2c2,upright,black,455,1.1,12.5
duskull,ghost,,regular,s1c3,arms,black,295,0.8,15.0
dusclops,ghost,,regular,s2c3,humanoid,black,455,1.6,30.6
tropius,grass,flying,regular,single,quadruped,green,460,2.0,100.0
chimecho,psychic,,regular,s2c2,arms,blue,455,0.6,1.0
absol,dark,,regular,single,quadruped,white,465,1.2,47.0
wynaut,psychic,,regular,s1c2,upright,blue,260,0.6,14.0
snorunt,ice,,regular,s1c2,humanoid,gray,300,0.7,16.8
glalie,ice,,regular,s2c2,ball,gray,480,1.5,256.5
spheal,ice,water,regular,s1c3,fish,blue,290,0.8,39.5
sealeo,ice,water,regular,s2c3,fish,blue,410,1.1,87.6
walrein,ice,water,regular,s3c3,quadruped,blue,530,1.4,150.6
clamperl,water,,regular,s1c2,ball,blue,345,0.4,52.5
huntail,water,,regular,s2c2,squiggle,blue,485,1.7,27.0
gorebyss,water,,regular,s2c2,squiggle,pink,485,1.8,22.6
relicanth,water,rock,regular,single,fish,gray,485,1.0,23.4
luvdisc,water,,regular,single,fish,pink,330,0.6,8.7
bagon,dragon,,regular,s1c3,humanoid,blue,300,0.6,42.1
shelgon,dragon,,regular,s2c3,quadruped,white,420,1.1,110.5
salamence,dragon,flying,regular,s3c3,quadruped,blue,600,1.5,102.6
beldum,steel,psychic,regular,s1c3,blob,blue,300,0.6,95.2
metang,steel,psychic,regular,s2c3,arms,blue,420,1.2,202.5
metagross,steel,psychic,regular,s3c3,heads,blue,600,1.6,550.0
regirock,rock,,legendary,single,humanoid,brown,580,1.7,230.0
regice,ice,,legendary,single,humanoid,blue,580,1.8,175.0
registeel,steel,,legendary,single,humanoid,gray,580,1.9,205.0
latias,dragon,psychic,legendary,single,wings,red,600,1.4,40.0
latios,dragon,psychic,legendary,single,wings,blue,600,2.0,60.0
kyogre,water,,legendary,single,fish,blue,670,4.5,352.0
groudon,ground,,legendary,single,upright,red,670,3.5,950.0
rayquaza,dragon,flying,legendary,single,squiggle,green,680,7.0,206.5
jirachi,steel,psychic,legendary,single,humanoid,yellow,600,0.3,1.1
deoxys,psychic,,legendary,single,humanoid,red,600,1.7,60.8
turtwig,grass,,regular,s1c3,quadruped,green,318,0.4,10.2
grotle,grass,,regular,s2c3,quadruped,green,405,1.1,97.0
torterra,grass,ground,regular,s3c3,quadruped,green,525,2.2,310.0
chimchar,fire,,regular,s1c3,upright,brown,309,0.5,6.2
monferno,fire,fighting,regular,s2c3,upright,brown,405,0.9,22.0
infernape,fire,fighting,regular,s3c3,upright,brown,534,1.2,55.0
piplup,water,,regular,s1c3,humanoid,blue,314,0.4,5.2
prinplup,water,,regular,s2c3,upright,blue,405,0.8,23.0
empoleon,water,steel,regular,s3c3,upright,blue,530,1.7,84.5
starly,normal,flying,regular,s1c3,wings,brown,245,0.3,2.0
staravia,normal,flying,regular,s2c3,wings,brown,340,0.6,15.5
staraptor,normal,flying,regular,s3c3,wings,brown,485,1.2,24.9
bidoof,normal,,regular,s1c2,quadruped,brown,250,0.5,20.0
bibarel,normal,water,regular,s2c2,upright,brown,410,1.0,31.5
kricketot,bug,,regular,s1c2,humanoid,red,194,0.3,2.2
kricketune,bug,,regular,s2c2,bug-wings,red,384,1.0,25.5
shinx,electric,,regular,s1c3,quadruped,blue,263,0.5,9.5
luxio,electric,,regular,s2c3,quadruped,blue,363,0.9,30.5
luxray,electric,,regular,s3c3,quadruped,blue,523,1.4,42.0
budew,grass,poison,regular,s1c3,humanoid,green,280,0.2,1.2
roserade,grass,poison,regular,s3c3,humanoid,green,515,0.9,14.5
cranidos,rock,,regular,s1c2,upright,blue,350,0.9,31.5
rampardos,rock,,regular,s2c2,upright,blue,495,1.6,102.5
shieldon,rock,steel,regular,s1c2,quadruped,gray,350,0.5,57.0
bastiodon,rock,steel,regular,s2c2,quadruped,gray,495,1.3,149.5
burmy,bug,,regular,s1c2,blob,green,224,0.2,3.4
wormadam,bug,grass,regular,s2c2,blob,green,424,0.5,6.5
mothim,bug,flying,regular,s2c2,bug-wings,yellow,424,0.9,23.3
combee,bug,flying,regular,s1c2,heads,yellow,244,0.3,5.5
vespiquen,bug,flying,regular,s2c2,bug-wings,yellow,474,1.2,38.5
pachirisu,electric,,regular,single,quadruped,white,405,0.4,3.9
buizel,water,,regular,s1c2,quadruped,brown,330,0.7,29.5
floatzel,water,,regular,s2c2,quadruped,brown,495,1.1,33.5
cherubi,grass,,regular,s1c2,heads,pink,275,0.4,3.3
cherrim,grass,,regular,s2c2,legs,purple,450,0.5,9.3
shellos,water,,regular,s1c2,squiggle,purple,325,0.3,6.3
gastrodon,water,ground,regular,s2c2,squiggle,purple,475,0.9,29.9
ambipom,normal,,regular,s2c2,upright,purple,482,1.2,20.3
drifloon,ghost,flying,regular,s1c2,arms,purple,348,0.4,1.2
drifblim,ghost,flying,regular,s2c2,arms,purple,498,1.2,15.0
buneary,normal,,regular,s1c2,upright,brown,350,0.4,5.5
lopunny,normal,,regular,s2c2,upright,brown,480,1.2,33.3
mismagius,ghost,,regular,s2c2,ball,purple,495,0.9,4.4
honchkrow,dark,flying,regular,s2c2,wings,black,505,0.9,27.3
glameow,normal,,regular,s1c2,quadruped,gray,310,0.5,3.9
purugly,normal,,regular,s2c2,quadruped,gray,452,1.0,43.8
chingling,psychic,,regular,s1c2,humanoid,yellow,285,0.2,0.6
stunky,poison,dark,regular,s1c2,quadruped,purple,329,0.4,19.2
skuntank,poison,dark,regular,s2c2,quadruped,purple,479,1.0,38.0
bronzor,steel,psychic,regular,s1c2,ball,green,300,0.5,60.5
bronzong,steel,psychic,regular,s2c2,arms,green,500,1.3,187.0
bonsly,rock,,regular,s1c2,legs,brown,290,0.5,15.0
mime_jr,psychic,fairy,regular,single,humanoid,pink,310,0.6,13.0
happiny,normal,,regular,s1c3,humanoid,pink,220,0.6,24.4
chatot,normal,flying,regular,single,wings,black,411,0.5,1.9
spiritomb,ghost,dark,regular,single,blob,purple,485,1.0,108.0
gible,dragon,ground,regular,s1c3,upright,blue,300,0.7,20.5
gabite,dragon,ground,regular,s2c3,upright,blue,410,1.4,56.0
garchomp,dragon,ground,regular,s3c3,upright,blue,600,1.9,95.0
munchlax,normal,,regular,s1c2,humanoid,black,390,0.6,105.0
riolu,fighting,,regular,s1c2,upright,blue,285,0.7,20.2
lucario,fighting,steel,regular,s2c2,upright,blue,525,1.2,54.0
hippopotas,ground,,regular,s1c2,quadruped,brown,330,0.8,49.5
hippowdon,ground,,regular,s2c2,quadruped,brown,525,2.0,300.0
skorupi,poison,bug,regular,s1c2,armor,purple,330,0.8,12.0
drapion,poison,dark,regular,s2c2,armor,purple,500,1.3,61.5
croagunk,poison,fighting,regular,s1c2,humanoid,blue,300,0.7,23.0
toxicroak,poison,fighting,regular,s2c2,humanoid,blue,490,1.3,44.4
carnivine,grass,,regular,single,tentacles,green,454,1.4,27.0
finneon,water,,regular,s1c2,fish,blue,330,0.4,7.0
lumineon,water,,regular,s2c2,fish,blue,460,1.2,24.0
mantyke,water,flying,regular,s1c2,wings,blue,345,1.0,65.0
snover,grass,ice,regular,s1c2,upright,white,334,1.0,50.5
abomasnow,grass,ice,regular,s2c2,upright,white,494,2.2,135.5
weavile,dark,ice,regular,s2c2,upright,black,510,1.1,34.0
magnezone,electric,steel,regular,s3c3,arms,gray,535,1.2,180.0
lickilicky,normal,,regular,s2c2,humanoid,pink,515,1.7,140.0
rhyperior,ground,rock,regular,s3c3,upright,gray,535,2.4,282.8
tangrowth,grass,,regular,s2c2,humanoid,blue,535,2.0,128.6
electivire,electric,,regular,s3c3,upright,yellow,540,1.8,138.6
magmortar,fire,,regular,s3c3,upright,red,540,1.6,68.0
togekiss,fairy,flying,regular,s3c3,wings,white,545,1.5,38.0
yanmega,bug,flying,regular,s2c2,bug-wings,green,515,1.9,51.5
leafeon,grass,,regular,s2c2,quadruped,green,525,1.0,25.5
glaceon,ice,,regular,s2c2,quadruped,blue,525,0.8,25.9
gliscor,ground,flying,regular,s2c2,wings,purple,510,2.0,42.5
mamoswine,ice,ground,regular,s3c3,quadruped,brown,530,2.5,291.0
porygon_z,normal,,regular,s1c3,arms,red,535,0.9,34.0
gallade,psychic,fighting,regular,s3c3,humanoid,white,518,1.6,52.0
probopass,rock,steel,regular,s2c2,heads,gray,525,1.4,340.0
dusknoir,ghost,,regular,s3c3,arms,black,525,2.2,106.6
froslass,ice,ghost,regular,s2c2,arms,white,480,1.3,26.6
rotom,electric,ghost,regular,single,ball,red,440,0.3,0.3
uxie,psychic,,legendary,single,upright,yellow,580,0.3,0.3
mesprit,psychic,,legendary,single,upright,pink,580,0.3,0.3
azelf,psychic,,legendary,single,upright,blue,580,0.3,0.3
dialga,steel,dragon,legendary,single,quadruped,white,680,5.4,683.0
palkia,water,dragon,legendary,single,upright,purple,680,4.2,336.0
heatran,fire,steel,legendary,single,quadruped,brown,600,1.7,430.0
regigigas,normal,,legendary,single,humanoid,white,670,3.7,420.0
giratina,ghost,dragon,legendary,single,tentacles,black,680,4.5,750.0
cresselia,psychic,,legendary,single,squiggle,yellow,580,1.5,85.6
phione,water,,legendary,s1c2,arms,blue,480,0.4,3.1
manaphy,water,,legendary,s2c2,humanoid,blue,600,0.3,1.4
darkrai,dark,,legendary,single,humanoid,black,600,1.5,50.5
shaymin,grass,,legendary,single,quadruped,green,600,0.2,2.1
arceus,normal,,legendary,single,quadruped,white,720,3.2,320.0
victini,psychic,fire,legendary,single,humanoid,yellow,600,0.4,4.0
snivy,grass,,regular,s1c3,upright,green,308,0.6,8.1
servine,grass,,regular,s2c3,upright,green,413,0.8,16.0
serperior,grass,,regular,s3c3,squiggle,green,528,3.3,63.0
tepig,fire,,regular,s1c3,quadruped,red,308,0.5,9.9
pignite,fire,fighting,regular,s2c3,upright,red,418,1.0,55.5
emboar,fire,fighting,regular,s3c3,upright,red,528,1.6,150.0
oshawott,water,,regular,s1c3,upright,blue,308,0.5,5.9
dewott,water,,regular,s2c3,upright,blue,413,0.8,24.5
samurott,water,,regular,s3c3,quadruped,blue,528,1.5,94.6
patrat,normal,,regular,s1c2,quadruped,brown,255,0.5,11.6
watchog,normal,,regular,s2c2,upright,brown,420,1.1,27.0
lillipup,normal,,regular,s1c3,quadruped,brown,275,0.4,4.1
herdier,normal,,regular,s2c3,quadruped,gray,370,0.9,14.7
stoutland,normal,,regular,s3c3,quadruped,gray,500,1.2,61.0
purrloin,dark,,regular,s1c2,quadruped,purple,281,0.4,10.1
liepard,dark,,regular,s2c2,quadruped,purple,446,1.1,37.5
pansage,grass,,regular,s1c2,upright,green,316,0.6,10.5
simisage,grass,,regular,s2c2,upright,green,498,1.1,30.5
pansear,fire,,regular,s1c2,upright,red,316,0.6,11.0
simisear,fire,,regular,s2c2,upright,red,498,1.0,28.0
panpour,water,,regular,s1c2,upright,blue,316,0.6,13.5
simipour,water,,regular,s2c2,upright,blue,498,1.0,29.0
munna,psychic,,regular,s1c2,quadruped,pink,292,0.6,23.3
musharna,psychic,,regular,s2c2,humanoid,pink,487,1.1,60.5
pidove,normal,flying,regular,s1c3,wings,gray,264,0.3,2.1
tranquill,normal,flying,regular,s2c3,wings,gray,358,0.6,15.0
unfezant,normal,flying,regular,s3c3,wings,gray,488,1.2,29.0
blitzle,electric,,regular,s1c2,quadruped,black,295,0.8,29.8
zebstrika,electric,,regular,s2c2,quadruped,black,497,1.6,79.5
roggenrola,rock,,regular,s1c3,legs,blue,280,0.4,18.0
boldore,rock,,regular,s2c3,tentacles,blue,390,0.9,102.0
gigalith,rock,,regular,s3c3,tentacles,blue,515,1.7,260.0
woobat,psychic,flying,regular,s1c2,wings,blue,323,0.4,2.1
swoobat,psychic,flying,regular,s2c2,wings,blue,425,0.9,10.5
drilbur,ground,,regular,s1c2,upright,gray,328,0.3,8.5
excadrill,ground,steel,regular,s2c2,humanoid,gray,508,0.7,40.4
audino,normal,,regular,single,upright,pink,445,1.1,31.0
timburr,fighting,,regular,s1c3,humanoid,gray,305,0.6,12.5
gurdurr,fighting,,regular,s2c3,humanoid,gray,405,1.2,40.0
conkeldurr,fighting,,regular,s3c3,humanoid,brown,505,1.4,87.0
tympole,water,,regular,s1c3,fish,blue,294,0.5,4.5
palpitoad,water,ground,regular,s2c3,upright,blue,384,0.8,17.0
seismitoad,water,ground,regular,s3c3,humanoid,blue,509,1.5,62.0
throh,fighting,,regular,single,humanoid,red,465,1.3,55.5
sawk,fighting,,regular,single,humanoid,blue,465,1.4,51.0
sewaddle,bug,grass,regular,s1c3,armor,yellow,310,0.3,2.5
swadloon,bug,grass,regular,s2c3,arms,green,380,0.5,7.3
leavanny,bug,grass,regular,s3c3,humanoid,yellow,500,1.2,20.5
venipede,bug,poison,regular,s1c3,armor,red,260,0.4,5.3
whirlipede,bug,poison,regular,s2c3,ball,gray,360,1.2,58.5
scolipede,bug,poison,regular,s3c3,armor,red,485,2.5,200.5
cottonee,grass,fairy,regular,s1c2,ball,green,280,0.3,0.6
whimsicott,grass,fairy,regular,s2c2,humanoid,green,480,0.7,6.6
petilil,grass,,regular,s1c2,blob,green,280,0.5,6.6
lilligant,grass,,regular,s2c2,blob,green,480,1.1,16.3
basculin,water,,regular,s1c2,fish,green,460,1.0,18.0
sandile,ground,dark,regular,s1c3,quadruped,brown,292,0.7,15.2
krokorok,ground,dark,regular,s2c3,quadruped,brown,351,1.0,33.4
krookodile,ground,dark,regular,s3c3,upright,red,519,1.5,96.3
darumaka,fire,,regular,s1c2,humanoid,red,315,0.6,37.5
darmanitan,fire,,regular,s2c2,quadruped,red,480,1.3,92.9
maractus,grass,,regular,single,blob,green,461,1.0,28.0
dwebble,bug,rock,regular,s1c2,armor,red,325,0.3,14.5
crustle,bug,rock,regular,s2c2,armor,red,485,1.4,200.0
scraggy,dark,fighting,regular,s1c2,upright,yellow,348,0.6,11.8
scrafty,dark,fighting,regular,s2c2,upright,red,488,1.1,30.0
sigilyph,psychic,flying,regular,single,wings,black,490,1.4,14.0
yamask,ghost,,regular,s1c2,arms,black,303,0.5,1.5
cofagrigus,ghost,,regular,s2c2,blob,yellow,483,1.7,76.5
tirtouga,water,rock,regular,s1c2,quadruped,blue,355,0.7,16.5
carracosta,water,rock,regular,s2c2,upright,blue,495,1.2,81.0
archen,rock,flying,regular,s1c2,wings,yellow,401,0.5,9.5
archeops,rock,flying,regular,s2c2,wings,yellow,567,1.4,32.0
trubbish,poison,,regular,s1c2,humanoid,green,329,0.6,31.0
garbodor,poison,,regular,s2c2,humanoid,green,474,1.9,107.3
zorua,dark,,regular,s1c2,quadruped,gray,330,0.7,12.5
zoroark,dark,,regular,s2c2,upright,gray,510,1.6,81.1
minccino,normal,,regular,s1c2,quadruped,gray,300,0.4,5.8
cinccino,normal,,regular,s2c2,quadruped,gray,470,0.5,7.5
gothita,psychic,,regular,s1c3,humanoid,purple,290,0.4,5.8
gothorita,psychic,,regular,s2c3,humanoid,purple,390,0.7,18.0
gothitelle,psychic,,regular,s3c3,humanoid,purple,490,1.5,44.0
solosis,psychic,,regular,s1c3,ball,green,290,0.3,1.0
duosion,psychic,,regular,s2c3,ball,green,370,0.6,8.0
reuniclus,psychic,,regular,s3c3,arms,green,490,1.0,20.1
ducklett,water,flying,regular,s1c2,wings,blue,305,0.5,5.5
swanna,water,flying,regular,s2c2,wings,white,473,1.3,24.2
vanillite,ice,,regular,s1c3,blob,white,305,0.4,5.7
vanillish,ice,,regular,s2c3,blob,white,395,1.1,41.0
vanilluxe,ice,,regular,s3c3,heads,white,535,1.3,57.5
deerling,normal,grass,regular,s1c2,quadruped,pink,335,0.6,19.5
sawsbuck,normal,grass,regular,s2c2,quadruped,brown,475,1.9,92.5
emolga,electric,flying,regular,single,quadruped,white,428,0.4,5.0
karrablast,bug,,regular,s1c2,humanoid,blue,315,0.5,5.9
escavalier,bug,steel,regular,s2c2,arms,gray,495,1.0,33.0
foongus,grass,poison,regular,s1c2,arms,white,294,0.2,1.0
amoonguss,grass,poison,regular,s2c2,arms,white,464,0.6,10.5
frillish,water,ghost,regular,s1c2,tentacles,white,335,1.2,33.0
jellicent,water,ghost,regular,s2c2,tentacles,white,480,2.2,135.0
alomomola,water,,regular,single,fish,pink,470,1.2,31.6
joltik,bug,electric,regular,s1c2,armor,yellow,319,0.1,0.6
galvantula,bug,electric,regular,s2c2,armor,yellow,472,0.8,14.3
ferroseed,grass,steel,regular,s1c2,ball,gray,305,0.6,18.8
ferrothorn,grass,steel,regular,s2c2,tentacles,gray,489,1.0,110.0
klink,steel,,regular,s1c3,heads,gray,300,0.3,21.0
klang,steel,,regular,s2c3,heads,gray,440,0.6,51.0
klinklang,steel,,regular,s3c3,heads,gray,520,0.6,81.0
tynamo,electric,,regular,s1c3,fish,white,275,0.2,0.3
eelektrik,electric,,regular,s2c3,fish,blue,405,1.2,22.0
eelektross,electric,,regular,s3c3,fish,blue,515,2.1,80.5
elgyem,psychic,,regular,s1c2,upright,blue,335,0.5,9.0
beheeyem,psychic,,regular,s2c2,humanoid,brown,485,1.0,34.5
litwick,ghost,fire,regular,s1c3,blob,white,275,0.3,3.1
lampent,ghost,fire,regular,s2c3,arms,black,370,0.6,13.0
chandelure,ghost,fire,regular,s3c3,arms,black,520,1.0,34.3
axew,dragon,,regular,s1c3,upright,green,320,0.6,18.0
fraxure,dragon,,regular,s2c3,upright,green,410,1.0,36.0
haxorus,dragon,,regular,s3c3,upright,yellow,540,1.8,105.5
cubchoo,ice,,regular,s1c2,upright,white,305,0.5,8.5
beartic,ice,,regular,s2c2,quadruped,white,505,2.6,260.0
cryogonal,ice,,regular,single,ball,blue,515,1.1,148.0
shelmet,bug,,regular,s1c2,ball,red,305,0.4,7.7
accelgor,bug,,regular,s2c2,arms,red,495,0.8,25.3
stunfisk,ground,electric,regular,single,fish,brown,471,0.7,11.0
mienfoo,fighting,,regular,s1c2,upright,yellow,350,0.9,20.0
mienshao,fighting,,regular,s2c2,upright,purple,510,1.4,35.5
druddigon,dragon,,regular,single,upright,red,485,1.6,139.0
golett,ground,ghost,regular,s1c2,humanoid,green,303,1.0,92.0
golurk,ground,ghost,regular,s2c2,humanoid,green,483,2.8,330.0
pawniard,dark,steel,regular,s1c3,humanoid,red,340,0.5,10.2
bisharp,dark,steel,regular,s2c3,humanoid,red,490,1.6,70.0
bouffalant,normal,,regular,single,quadruped,brown,490,1.6,94.6
rufflet,normal,flying,regular,s1c2,wings,white,350,0.5,10.5
braviary,normal,flying,regular,s2c2,wings,red,510,1.5,41.0
vullaby,dark,flying,regular,s1c2,wings,brown,370,0.5,9.0
mandibuzz,dark,flying,regular,s2c2,wings,brown,510,1.2,39.5
heatmor,fire,,regular,single,upright,red,484,1.4,58.0
durant,bug,steel,regular,single,armor,gray,484,0.3,33.0
deino,dark,dragon,regular,s1c3,quadruped,blue,300,0.8,17.3
zweilous,dark,dragon,regular,s2c3,quadruped,blue,420,1.4,50.0
hydreigon,dark,dragon,regular,s3c3,upright,blue,600,1.8,160.0
larvesta,bug,fire,regular,s1c2,armor,white,360,1.1,28.8
volcarona,bug,fire,regular,s2c2,bug-wings,white,550,1.6,46.0
cobalion,steel,fighting,legendary,single,quadruped,blue,580,2.1,250.0
terrakion,rock,fighting,legendary,single,quadruped,gray,580,1.9,260.0
virizion,grass,fighting,legendary,single,quadruped,green,580,2.0,200.0
tornadus,flying,,legendary,single,arms,green,580,1.5,63.0
thundurus,electric,flying,legendary,single,arms,blue,580,1.5,61.0
reshiram,dragon,fire,legendary,single,wings,white,680,3.2,330.0
zekrom,dragon,electric,legendary,single,upright,black,680,2.9,345.0
landorus,ground,flying,legendary,single,arms,brown,600,1.5,68.0
kyurem,dragon,ice,legendary,single,upright,gray,660,3.0,325.0
keldeo,water,fighting,legendary,single,quadruped,yellow,580,1.4,48.5
meloetta,normal,psychic,legendary,single,humanoid,white,600,0.6,6.5
genesect,bug,steel,legendary,single,humanoid,purple,600,1.5,82.5
chespin,grass,,regular,s1c3,upright,green,313,0.4,9.0
quilladin,grass,,regular,s2c3,upright,green,405,0.7,29.0
chesnaught,grass,fighting,regular,s3c3,upright,green,530,1.6,90.0
fennekin,fire,,regular,s1c3,quadruped,red,307,0.4,9.4
braixen,fire,,regular,s2c3,upright,red,409,1.0,14.5
delphox,fire,psychic,regular,s3c3,upright,red,534,1.5,39.0
froakie,water,,regular,s1c3,quadruped,blue,314,0.3,7.0
frogadier,water,,regular,s2c3,humanoid,blue,405,0.6,10.9
greninja,water,dark,regular,s3c3,humanoid,blue,530,1.5,40.0
bunnelby,normal,,regular,s1c2,upright,brown,237,0.4,5.0
diggersby,normal,ground,regular,s2c2,upright,brown,423,1.0,42.4
fletchling,normal,flying,regular,s1c3,wings,red,278,0.3,1.7
fletchinder,fire,flying,regular,s2c3,wings,red,382,0.7,16.0
talonflame,fire,flying,regular,s3c3,wings,red,499,1.2,24.5
scatterbug,bug,,regular,s1c3,armor,black,200,0.3,2.5
spewpa,bug,,regular,s2c3,blob,black,213,0.3,8.4
vivillon,bug,flying,regular,s3c3,bug-wings,white,411,1.2,17.0
litleo,fire,normal,regular,s1c2,quadruped,brown,369,0.6,13.5
pyroar,fire,normal,regular,s2c2,quadruped,brown,507,1.5,81.5
flabebe,fairy,,regular,s1c3,arms,white,303,0.1,0.1
floette,fairy,,regular,s2c3,arms,white,371,0.2,0.9
florges,fairy,,regular,s3c3,arms,white,552,1.1,10.0
skiddo,grass,,regular,s1c2,quadruped,brown,350,0.9,31.0
gogoat,grass,,regular,s2c2,quadruped,brown,531,1.7,91.0
pancham,fighting,,regular,s1c2,upright,white,348,0.6,8.0
pangoro,fighting,dark,regular,s2c2,humanoid,white,495,2.1,136.0
furfrou,normal,,regular,single,quadruped,white,472,1.2,28.0
espurr,psychic,,regular,s1c2,upright,gray,355,0.3,3.5
meowstic,psychic,,regular,s2c2,upright,blue,466,0.6,8.5
honedge,steel,ghost,regular,s1c3,blob,brown,325,0.8,2.0
doublade,steel,ghost,regular,s2c3,heads,brown,448,0.8,4.5
aegislash,steel,ghost,regular,s3c3,blob,brown,500,1.7,53.0
spritzee,fairy,,regular,s1c2,arms,pink,341,0.2,0.5
aromatisse,fairy,,regular,s2c2,humanoid,pink,462,0.8,15.5
swirlix,fairy,,regular,s1c2,legs,white,341,0.4,3.5
slurpuff,fairy,,regular,s2c2,humanoid,white,480,0.8,5.0
inkay,dark,psychic,regular,s1c2,tentacles,blue,288,0.4,3.5
malamar,dark,psychic,regular,s2c2,blob,blue,482,1.5,47.0
binacle,rock,water,regular,s1c2,heads,brown,306,0.5,31.0
barbaracle,rock,water,regular,s2c2,heads,brown,500,1.3,96.0
skrelp,poison,water,regular,s1c2,blob,brown,320,0.5,7.3
dragalge,poison,dragon,regular,s2c2,blob,brown,494,1.8,81.5
clauncher,water,,regular,s1c2,armor,blue,330,0.5,8.3
clawitzer,water,,regular,s2c2,squiggle,blue,500,1.3,35.3
helioptile,electric,normal,regular,s1c2,upright,yellow,289,0.5,6.0
heliolisk,electric,normal,regular,s2c2,upright,yellow,481,1.0,21.0
tyrunt,rock,dragon,regular,s1c2,upright,brown,362,0.8,26.0
tyrantrum,rock,dragon,regular,s2c2,upright,red,521,2.5,270.0
amaura,rock,ice,regular,s1c2,quadruped,blue,362,1.3,25.2
aurorus,rock,ice,regular,s2c2,quadruped,blue,521,2.7,225.0
sylveon,fairy,,regular,s2c2,quadruped,pink,525,1.0,23.5
hawlucha,fighting,flying,regular,single,humanoid,green,500,0.8,21.5
dedenne,electric,fairy,regular,single,upright,yellow,431,0.2,2.2
carbink,rock,fairy,regular,single,ball,gray,500,0.3,5.7
goomy,dragon,,regular,s1c3,squiggle,purple,300,0.3,2.8
sliggoo,dragon,,regular,s2c3,squiggle,purple,452,0.8,17.5
goodra,dragon,,regular,s3c3,upright,purple,600,2.0,150.5
klefki,steel,fairy,regular,single,ball,gray,470,0.2,3.0
phantump,ghost,grass,regular,s1c2,arms,brown,309,0.4,7.0
trevenant,ghost,grass,regular,s2c2,tentacles,brown,474,1.5,71.0
pumpkaboo,ghost,grass,regular,s1c2,ball,brown,335,0.4,5.0
gourgeist,ghost,grass,regular,s2c2,blob,brown,494,0.9,12.5
bergmite,ice,,regular,s1c2,quadruped,blue,304,1.0,99.5
avalugg,ice,,regular,s2c2,quadruped,blue,514,2.0,505.0
noibat,flying,dragon,regular,s1c2,wings,purple,245,0.5,8.0
noivern,flying,dragon,regular,s2c2,wings,purple,535,1.5,85.0
xerneas,fairy,,legendary,single,quadruped,blue,680,3.0,215.0
yveltal,dark,flying,legendary,single,wings,red,680,5.8,203.0
zygarde,dragon,ground,legendary,single,squiggle,green,600,5.0,305.0
diancie,rock,fairy,legendary,single,arms,pink,600,0.7,8.8
hoopa,psychic,ghost,legendary,single,arms,purple,600,0.5,9.0
volcanion,fire,water,legendary,single,quadruped,brown,600,1.7,195.0
rowlet,grass,flying,regular,s1c3,wings,brown,320,0.3,1.5
dartrix,grass,flying,regular,s2c3,wings,brown,420,0.7,16.0
decidueye,grass,ghost,regular,s3c3,wings,brown,530,1.6,36.6
litten,fire,,regular,s1c3,quadruped,red,320,0.4,4.3
torracat,fire,,regular,s2c3,quadruped,red,420,0.7,25.0
incineroar,fire,dark,regular,s3c3,upright,red,530,1.8,83.0
popplio,water,,regular,s1c3,fish,blue,320,0.4,7.5
brionne,water,,regular,s2c3,fish,blue,420,0.6,17.5
primarina,water,fairy,regular,s3c3,fish,blue,530,1.8,44.0
pikipek,normal,flying,regular,s1c3,wings,black,265,0.3,1.2
trumbeak,normal,flying,regular,s2c3,wings,black,355,0.6,14.8
toucannon,normal,flying,regular,s3c3,wings,black,485,1.1,26.0
yungoos,normal,,regular,s1c2,quadruped,brown,253,0.4,6.0
gumshoos,normal,,regular,s2c2,quadruped,brown,418,0.7,14.2
grubbin,bug,,regular,s1c3,armor,gray,300,0.4,4.4
charjabug,bug,electric,regular,s2c3,squiggle,green,400,0.5,10.5
vikavolt,bug,electric,regular,s3c3,armor,blue,500,1.5,45.0
crabrawler,fighting,,regular,s1c2,armor,purple,338,0.6,7.0
crabominable,fighting,ice,regular,s2c2,armor,white,478,1.7,180.0
oricorio,fire,flying,regular,single,wings,red,476,0.6,3.4
cutiefly,bug,fairy,regular,s1c2,armor,yellow,304,0.1,0.2
ribombee,bug,fairy,regular,s2c2,bug-wings,yellow,464,0.2,0.5
rockruff,rock,,regular,s1c2,quadruped,brown,280,0.5,9.2
lycanroc,rock,,regular,s2c2,quadruped,brown,487,0.8,25.0
wishiwashi,water,,regular,single,fish,blue,175,0.2,0.3
mareanie,poison,water,regular,s1c2,blob,blue,305,0.4,8.0
toxapex,poison,water,regular,s2c2,tentacles,blue,495,0.7,14.5
mudbray,ground,,regular,s1c2,quadruped,brown,385,1.0,110.0
mudsdale,ground,,regular,s2c2,quadruped,brown,500,2.5,920.0
dewpider,water,bug,regular,s1c2,legs,green,269,0.3,4.0
araquanid,water,bug,regular,s2c2,armor,green,454,1.8,82.0
fomantis,grass,,regular,s1c2,upright,pink,250,0.3,1.5
lurantis,grass,,regular,s2c2,humanoid,pink,480,0.9,18.5
morelull,grass,fairy,regular,s1c2,blob,purple,285,0.2,1.5
shiinotic,grass,fairy,regular,s2c2,humanoid,purple,405,1.0,11.5
salandit,poison,fire,regular,s1c2,quadruped,black,320,0.6,4.8
salazzle,poison,fire,regular,s2c2,quadruped,black,480,1.2,22.2
stufful,normal,fighting,regular,s1c2,quadruped,pink,340,0.5,6.8
bewear,normal,fighting,regular,s2c2,upright,pink,500,2.1,135.0
bounsweet,grass,,regular,s1c3,legs,purple,210,0.3,3.2
steenee,grass,,regular,s2c3,humanoid,purple,290,0.7,8.2
tsareena,grass,,regular,s3c3,humanoid,purple,510,1.2,21.4
comfey,fairy,,regular,single,ball,green,485,0.1,0.3
oranguru,normal,psychic,regular,single,humanoid,white,490,1.5,76.0
passimian,fighting,,regular,single,upright,white,490,2.0,82.8
wimpod,bug,water,regular,s1c2,tentacles,gray,230,0.5,12.0
golisopod,bug,water,regular,s2c2,humanoid,gray,530,2.0,108.0
sandygast,ghost,ground,regular,s1c2,squiggle,brown,320,0.5,70.0
palossand,ghost,ground,regular,s2c2,squiggle,brown,480,1.3,250.0
pyukumuku,water,,regular,single,squiggle,black,410,0.3,1.2
type_null,normal,,legendary,single,quadruped,gray,534,1.9,120.5
silvally,normal,,legendary,s2c2,quadruped,gray,570,2.3,100.5
minior,rock,flying,regular,single,ball,brown,440,0.3,40.0
komala,normal,,regular,single,humanoid,blue,480,0.4,19.9
turtonator,fire,dragon,regular,single,upright,red,485,2.0,212.0
togedemaru,electric,steel,regular,single,upright,gray,435,0.3,3.3
mimikyu,ghost,fairy,regular,single,squiggle,yellow,476,0.2,0.7
bruxish,water,psychic,regular,single,fish,pink,475,0.9,19.0
drampa,normal,dragon,regular,single,squiggle,white,485,3.0,185.0
dhelmise,ghost,grass,regular,single,blob,green,517,3.9,210.0
jangmo_o,dragon,,regular,single,quadruped,gray,300,0.6,29.7
hakamo_o,dragon,fighting,regular,single,upright,gray,420,1.2,47.0
kommo_o,dragon,fighting,regular,single,upright,gray,600,1.6,78.2
tapu_koko,electric,fairy,legendary,single,arms,yellow,570,1.8,20.5
tapu_lele,psychic,fairy,legendary,single,arms,pink,570,1.2,18.6
tapu_bulu,grass,fairy,legendary,single,arms,red,570,1.9,45.5
tapu_fini,water,fairy,legendary,single,arms,purple,570,1.3,21.2
cosmog,psychic,,legendary,s1c3,ball,blue,200,0.2,0.1
cosmoem,psychic,,legendary,s2c3,ball,blue,400,0.1,999.9
solgaleo,psychic,steel,legendary,s3c3,quadruped,white,680,3.4,230.0
lunala,psychic,ghost,legendary,s3c3,wings,purple,680,4.0,120.0
nihilego,rock,poison,regular,single,tentacles,white,570,1.2,55.5
buzzwole,bug,fighting,regular,single,tentacles,red,570,2.4,333.6
pheromosa,bug,fighting,regular,single,humanoid,white,570,1.8,25.0
xurkitree,electric,,regular,single,upright,black,570,3.8,100.0
celesteela,steel,flying,regular,single,humanoid,green,570,9.2,999.9
kartana,grass,steel,regular,single,humanoid,white,570,0.3,0.1
guzzlord,dark,dragon,regular,single,upright,black,570,5.5,888.0
necrozma,psychic,,legendary,single,arms,black,600,2.4,230.0
magearna,steel,fairy,legendary,single,humanoid,gray,600,1.0,80.5
marshadow,fighting,ghost,legendary,single,humanoid,gray,600,0.7,22.2
poipole,poison,,regular,s1c2,upright,purple,420,0.6,1.8
naganadel,poison,dragon,regular,s2c2,wings,purple,540,3.6,150.0
stakataka,rock,steel,regular,single,quadruped,gray,570,5.5,820.0
blacephalon,fire,ghost,regular,single,humanoid,white,570,1.8,13.0
zeraora,electric,,legendary,single,humanoid,yellow,600,1.5,44.5
meltan,steel,,legendary,s1c2,ball,gray,300,0.2,8.0
melmetal,steel,,legendary,s2c2,humanoid,gray,600,2.5,800.0
grookey,grass,,regular,s1c3,upright,green,310,0.3,5.0
thwackey,grass,,regular,s2c3,upright,green,420,0.7,14.0
rillaboom,grass,,regular,s3c3,humanoid,green,530,2.1,90.0
scorbunny,fire,,regular,s1c3,upright,white,310,0.3,4.5
raboot,fire,,regular,s2c3,upright,gray,420,0.6,9.0
cinderace,fire,,regular,s3c3,upright,white,530,1.4,33.0
sobble,water,,regular,s1c3,quadruped,blue,310,0.3,4.0
drizzile,water,,regular,s2c3,upright,blue,420,0.7,11.5
inteleon,water,,regular,s3c3,upright,blue,530,1.9,45.2
skwovet,normal,,regular,s1c2,upright,brown,275,0.3,2.5
greedent,normal,,regular,s2c2,upright,brown,460,0.6,6.0
rookidee,flying,,regular,s1c3,wings,blue,245,0.2,1.8
corvisquire,flying,,regular,s2c3,wings,blue,365,0.8,16.0
corviknight,flying,steel,regular,s3c3,wings,purple,495,2.2,75.0
blipbug,bug,,regular,s1c3,armor,blue,180,0.4,8.0
dottler,bug,psychic,regular,s2c3,armor,yellow,335,0.4,19.5
orbeetle,bug,psychic,regular,s3c3,wings,red,505,0.4,40.8
nickit,dark,,regular,s1c2,quadruped,brown,245,0.6,8.9
thievul,dark,,regular,s2c2,quadruped,brown,455,1.2,19.9
gossifleur,grass,,regular,s1c2,blob,green,250,0.4,2.2
eldegoss,grass,,regular,s2c2,blob,green,460,0.5,2.5
wooloo,normal,,regular,s1c2,quadruped,white,270,0.6,6.0
dubwool,normal,,regular,s2c2,quadruped,white,490,1.3,43.0
chewtle,water,,regular,s1c2,quadruped,green,284,0.3,8.5
drednaw,water,rock,regular,s2c2,quadruped,green,485,1.0,115.5
yamper,electric,,regular,s1c2,quadruped,yellow,270,0.3,13.5
boltund,electric,,regular,s2c2,quadruped,yellow,490,1.0,34.0
rolycoly,rock,,regular,s1c3,ball,black,240,0.3,12.0
carkol,rock,fire,regular,s2c3,legs,black,410,1.1,78.0
coalossal,rock,fire,regular,s3c3,humanoid,black,510,2.8,310.5
applin,grass,dragon,regular,s1c3,squiggle,green,260,0.2,0.5
flapple,grass,dragon,regular,s2c3,wings,green,485,0.3,1.0
appletun,grass,dragon,regular,s2c3,quadruped,green,485,0.4,13.0
silicobra,ground,,regular,s1c2,squiggle,green,315,2.2,7.6
sandaconda,ground,,regular,s2c2,squiggle,green,510,3.8,65.5
cramorant,flying,water,regular,single,wings,blue,475,0.8,18.0
arrokuda,water,,regular,s1c2,fish,brown,280,0.5,1.0
barraskewda,water,,regular,s2c2,fish,brown,490,1.3,30.0
toxel,electric,poison,regular,s1c2,upright,purple,242,0.4,11.0
toxtricity,electric,poison,regular,s2c2,upright,purple,502,1.6,40.0
sizzlipede,fire,bug,regular,s1c2,tentacles,red,305,0.7,1.0
centiskorch,fire,bug,regular,s2c2,tentacles,red,525,3.0,120.0
clobbopus,fighting,,regular,s1c2,tentacles,brown,310,0.6,4.0
grapploct,fighting,,regular,s2c2,tentacles,blue,480,1.6,39.0
sinistea,ghost,,regular,s1c2,ball,purple,308,0.1,0.2
polteageist,ghost,,regular,s2c2,ball,purple,508,0.2,0.4
hatenna,psychic,,regular,s1c3,legs,pink,265,0.4,3.4
hattrem,psychic,,regular,s2c3,humanoid,pink,370,0.6,4.8
hatterene,psychic,fairy,regular,s3c3,blob,pink,510,2.1,5.1
impidimp,dark,fairy,regular,s1c3,humanoid,pink,265,0.4,5.5
morgrem,dark,fairy,regular,s2c3,humanoid,pink,370,0.8,12.5
grimmsnarl,dark,fairy,regular,s3c3,humanoid,purple,510,1.5,61.0
obstagoon,dark,normal,regular,s3c3,upright,gray,520,1.6,46.0
perrserker,steel,,regular,s2c2,upright,brown,440,0.8,28.0
cursola,ghost,,regular,s2c2,arms,white,510,1.0,0.4
sirfetchd,fighting,,regular,s2c2,wings,white,507,0.8,117.0
mr_rime,ice,psychic,regular,single,humanoid,purple,520,1.5,58.2
runerigus,ground,ghost,regular,s2c2,blob,gray,483,1.6,66.6
milcery,fairy,,regular,s1c2,ball,white,270,0.2,0.3
alcremie,fairy,,regular,s2c2,blob,white,495,0.3,0.5
falinks,fighting,,regular,single,heads,yellow,470,3.0,62.0
pincurchin,electric,,regular,single,tentacles,purple,435,0.3,1.0
snom,ice,bug,regular,s1c2,squiggle,white,185,0.3,3.8
frosmoth,ice,bug,regular,s2c2,bug-wings,white,475,1.3,42.0
stonjourner,rock,,regular,single,legs,gray,470,2.5,520.0
eiscue,ice,,regular,single,upright,blue,470,1.4,89.0
indeedee,psychic,normal,regular,single,upright,purple,475,0.9,28.0
morpeko,electric,dark,regular,single,humanoid,yellow,436,0.3,3.0
cufant,steel,,regular,s1c2,quadruped,yellow,330,1.2,100.0
copperajah,steel,,regular,s2c2,quadruped,green,500,3.0,650.0
dracozolt,electric,dragon,regular,single,upright,green,505,1.8,190.0
arctozolt,electric,ice,regular,single,upright,blue,505,2.3,150.0
dracovish,water,dragon,regular,single,legs,green,505,2.3,215.0
arctovish,water,ice,regular,single,fish,blue,505,2.0,175.0
duraludon,steel,dragon,regular,s1c2,upright,white,535,1.8,40.0
dreepy,dragon,ghost,regular,s1c3,squiggle,green,270,0.5,2.0
drakloak,dragon,ghost,regular,s2c3,arms,green,410,1.4,11.0
dragapult,dragon,ghost,regular,s3c3,upright,green,600,3.0,50.0
zacian,fairy,,legendary,single,quadruped,blue,660,2.8,110.0
zamazenta,fighting,,legendary,single,quadruped,red,660,2.9,210.0
eternatus,poison,dragon,legendary,single,wings,purple,690,20.0,950.0
kubfu,fighting,,legendary,s1c2,upright,gray,385,0.6,12.0
urshifu,fighting,dark,legendary,s2c2,humanoid,gray,550,1.9,105.0
zarude,dark,grass,legendary,single,upright,green,600,1.8,70.0
regieleki,electric,,legendary,single,humanoid,yellow,580,1.2,145.0
regidrago,dragon,,legendary,single,humanoid,green,580,2.1,200.0
glastrier,ice,,legendary,single,quadruped,white,580,2.2,800.0
spectrier,ghost,,legendary,single,quadruped,black,580,2.0,44.5
calyrex,psychic,grass,legendary,single,humanoid,green,500,1.1,7.7
wyrdeer,normal,psychic,regular,s2c2,quadruped,gray,525,1.8,95.1
kleavor,bug,rock,regular,s2c2,bug-wings,brown,500,1.8,89.0
ursaluna,ground,normal,regular,s3c3,quadruped,brown,550,2.4,290.0
basculegion,water,ghost,regular,s2c2,fish,green,530,3.0,110.0
sneasler,fighting,poison,regular,s2c2,upright,gray,510,1.3,43.0
overqwil,dark,poison,regular,s2c2,fish,black,510,2.5,60.5
enamorus,fairy,flying,legendary,single,arms,pink,580,1.6,48.0
sprigatito,grass,,regular,s1c3,quadruped,green,310,0.4,4.1
floragato,grass,,regular,s2c3,upright,green,410,0.9,12.2
meowscarada,grass,dark,regular,s3c3,upright,green,530,1.5,31.2
fuecoco,fire,,regular,s1c3,upright,red,310,0.4,9.8
crocalor,fire,,regular,s2c3,upright,red,411,1.0,30.7
skeledirge,fire,ghost,regular,s3c3,quadruped,red,530,1.6,326.5
quaxly,water,,regular,s1c3,upright,white,310,0.5,6.1
quaxwell,water,,regular,s2c3,upright,blue,410,1.2,21.5
quaquaval,water,fighting,regular,s3c3,upright,blue,530,1.8,61.9
lechonk,normal,,regular,s1c2,quadruped,gray,254,0.5,10.2
oinkologne,normal,,regular,s2c2,quadruped,gray,489,1.0,120.0
tarountula,bug,,regular,s1c2,armor,white,210,0.3,4.0
spidops,bug,,regular,s2c2,armor,green,404,1.0,16.5
nymble,bug,,regular,s1c2,armor,gray,210,0.2,1.0
lokix,bug,dark,regular,s2c2,humanoid,gray,450,1.0,17.5
pawmi,electric,,regular,s1c3,quadruped,yellow,240,0.3,2.5
pawmo,electric,fighting,regular,s2c3,upright,yellow,350,0.4,6.5
pawmot,electric,fighting,regular,s3c3,upright,yellow,490,0.9,41.0
tandemaus,normal,,regular,s1c2,heads,white,305,0.3,1.8
maushold,normal,,regular,s2c2,heads,white,470,0.3,2.3
fidough,fairy,,regular,s1c2,quadruped,yellow,312,0.3,10.9
dachsbun,fairy,,regular,s2c2,quadruped,brown,477,0.5,14.9
smoliv,grass,normal,regular,s1c3,legs,green,260,0.3,6.5
dolliv,grass,normal,regular,s2c3,humanoid,green,354,0.6,11.9
arboliva,grass,normal,regular,s3c3,humanoid,green,510,1.4,48.2
squawkabilly,normal,flying,regular,single,wings,green,417,0.6,2.4
nacli,rock,,regular,s1c3,ball,brown,280,0.4,16.0
naclstack,rock,,regular,s2c3,quadruped,brown,355,0.6,105.0
garganacl,rock,,regular,s3c3,humanoid,brown,500,2.3,240.0
charcadet,fire,,regular,s1c2,humanoid,red,255,0.6,10.5
armarouge,fire,psychic,regular,s2c2,humanoid,red,525,1.5,85.0
ceruledge,fire,ghost,regular,s2c2,humanoid,blue,525,1.6,62.0
tadbulb,electric,,regular,s1c2,ball,yellow,272,0.3,0.4
bellibolt,electric,,regular,s2c2,humanoid,green,495,1.2,113.0
wattrel,electric,flying,regular,s1c2,wings,black,280,0.4,3.6
kilowattrel,electric,flying,regular,s2c2,wings,yellow,490,1.4,38.6
maschiff,dark,,regular,s1c2,quadruped,brown,340,0.5,16.0
mabosstiff,dark,,regular,s2c2,quadruped,gray,505,1.1,61.0
shroodle,poison,normal,regular,s1c2,quadruped,gray,290,0.2,0.7
grafaiai,poison,normal,regular,s2c2,upright,gray,485,0.7,27.2
bramblin,grass,ghost,regular,s1c2,ball,brown,275,0.6,0.6
brambleghast,grass,ghost,regular,s2c2,ball,brown,480,1.2,6.0
toedscool,ground,grass,regular,s1c2,legs,yellow,335,0.9,33.0
toedscruel,ground,grass,regular,s2c2,tentacles,black,515,1.9,58.0
klawf,rock,,regular,single,armor,red,450,1.3,79.0
capsakid,grass,,regular,s1c2,upright,green,304,0.3,3.0
scovillain,grass,fire,regular,s2c2,upright,green,486,0.9,15.0
rellor,bug,,regular,s1c2,armor,brown,270,0.2,1.0
rabsca,bug,psychic,regular,s2c2,armor,green,470,0.3,3.5
flittle,psychic,,regular,s1c2,legs,yellow,255,0.2,1.5
espathra,psychic,,regular,s2c2,upright,yellow,481,1.9,90.0
tinkatink,fairy,steel,regular,s1c3,humanoid,pink,297,0.4,8.9
tinkatuff,fairy,steel,regular,s2c3,humanoid,pink,380,0.7,59.1
tinkaton,fairy,steel,regular,s3c3,humanoid,pink,506,0.7,112.8
wiglett,water,,regular,s1c2,blob,white,245,1.2,1.8
wugtrio,water,,regular,s2c2,blob,red,425,1.2,5.4
bombirdier,flying,dark,regular,single,wings,white,485,1.5,42.9
finizen,water,,regular,s1c2,fish,blue,315,1.3,60.2
palafin,water,,regular,s2c2,fish,blue,457,1.3,60.2
varoom,steel,poison,regular,s1c2,legs,gray,300,1.0,35.0
revavroom,steel,poison,regular,s2c2,legs,gray,500,1.8,120.0
cyclizar,dragon,normal,regular,single,quadruped,green,501,1.6,63.0
orthworm,steel,,regular,single,squiggle,pink,480,2.5,310.0
glimmet,rock,poison,regular,s1c2,ball,blue,350,0.7,8.0
glimmora,rock,poison,regular,s2c2,ball,blue,525,1.5,45.0
greavard,ghost,,regular,s1c2,quadruped,white,290,0.6,35.0
houndstone,ghost,,regular,s2c2,quadruped,white,488,2.0,15.0
flamigo,flying,fighting,regular,single,wings,pink,500,1.6,37.0
cetoddle,ice,,regular,s1c2,upright,white,334,1.2,45.0
cetitan,ice,,regular,s2c2,upright,white,521,4.5,700.0
veluza,water,psychic,regular,single,fish,gray,478,2.5,90.0
dondozo,water,,regular,single,fish,blue,530,12.0,220.0
tatsugiri,dragon,water,regular,single,fish,pink,475,0.3,8.0
annihilape,fighting,ghost,regular,s3c3,humanoid,gray,535,1.2,56.0
clodsire,poison,ground,regular,s2c2,quadruped,brown,430,1.8,223.0
farigiraf,normal,psychic,regular,s2c2,quadruped,brown,520,3.2,160.0
dudunsparce,normal,,regular,s2c2,squiggle,yellow,520,3.6,39.2
kingambit,dark,steel,regular,s3c3,humanoid,black,550,2.0,120.0
great_tusk,ground,fighting,regular,single,quadruped,purple,570,2.2,320.0
scream_tail,fairy,psychic,regular,single,upright,pink,570,1.2,8.0
brute_bonnet,grass,dark,regular,single,quadruped,gray,570,1.2,21.0
flutter_mane,ghost,fairy,regular,single,wings,gray,570,1.4,4.0
slither_wing,bug,fighting,regular,single,quadruped,red,570,3.2,92.0
sandy_shocks,electric,ground,regular,single,quadruped,gray,570,2.3,60.0
iron_treads,ground,steel,regular,single,quadruped,gray,570,0.9,240.0
iron_bundle,ice,water,regular,single,upright,red,570,0.6,11.0
iron_hands,fighting,electric,regular,single,humanoid,gray,570,1.8,380.7
iron_jugulis,dark,flying,regular,single,upright,blue,570,1.3,111.0
iron_moth,fire,poison,regular,single,bug-wings,yellow,570,1.2,36.0
iron_thorns,rock,electric,regular,single,upright,green,570,1.6,303.0
frigibax,dragon,ice,regular,s1c3,upright,gray,320,0.5,17.0
arctibax,dragon,ice,regular,s2c3,upright,gray,423,0.8,30.0
baxcalibur,dragon,ice,regular,s3c3,upright,gray,600,2.1,210.0
gimmighoul,ghost,,regular,s1c2,blob,brown,300,0.3,5.0
gholdengo,steel,ghost,regular,s2c2,humanoid,yellow,550,1.2,30.0
wo_chien,dark,grass,legendary,single,squiggle,brown,570,1.5,74.2
chien_pao,dark,ice,legendary,single,quadruped,white,570,1.9,152.2
ting_lu,dark,ground,legendary,single,quadruped,brown,570,2.7,699.7
chi_yu,dark,fire,legendary,single,fish,red,570,0.4,4.9
roaring_moon,dragon,dark,regular,single,quadruped,green,590,2.0,380.0
iron_valiant,fairy,fighting,regular,single,humanoid,white,590,1.4,35.0
koraidon,fighting,dragon,legendary,single,upright,red,670,2.5,303.0
miraidon,electric,dragon,legendary,single,quadruped,blue,670,3.5,240.0
walking_wake,water,dragon,legendary,single,upright,blue,590,3.5,280.0
iron_leaves,grass,psychic,legendary,single,quadruped,green,590,1.5,125.0
dipplin,grass,dragon,regular,s2c3,heads,green,485,0.4,9.7
poltchageist,grass,ghost,regular,s1c2,ball,green,308,0.1,1.1
sinistcha,grass,ghost,regular,s2c2,ball,green,508,0.2,2.2
okidogi,poison,fighting,legendary,single,upright,black,555,1.8,92.2
munkidori,poison,psychic,legendary,single,humanoid,black,555,1.0,12.2
fezandipiti,poison,fairy,legendary,single,wings,black,555,1.4,30.1
ogerpon,grass,,legendary,single,humanoid,green,550,1.2,39.8
archaludon,steel,dragon,regular,s2c2,upright,white,600,2.0,60.0
hydrapple,grass,dragon,regular,s3c3,heads,green,540,1.8,93.0
gouging_fire,fire,dragon,legendary,single,quadruped,brown,590,3.5,590.0
raging_bolt,electric,dragon,legendary,single,quadruped,yellow,590,5.2,480.0
iron_boulder,rock,psychic,legendary,single,quadruped,gray,590,1.5,162.5
iron_crown,steel,psychic,legendary,single,quadruped,blue,590,1.6,156.0
terapagos,normal,,legendary,single,quadruped,blue,450,0.2,6.5
pecharunt,poison,ghost,legendary,single,ball,purple,600,0.3,0.3
rattata_alola,dark,normal,regular,s1c2,quadruped,purple,253,0.3,3.8
raticate_alola,dark,normal,regular,s2c2,quadruped,brown,413,0.7,25.5
raichu_alola,electric,psychic,regular,s3c3,upright,yellow,485,0.7,21.0
sandshrew_alola,ice,steel,regular,s1c2,upright,yellow,300,0.7,40.0
sandslash_alola,ice,steel,regular,s2c2,upright,yellow,450,1.2,55.0
vulpix_alola,ice,,regular,s1c2,quadruped,brown,299,0.6,9.9
ninetales_alola,ice,fairy,regular,s2c2,quadruped,yellow,505,1.1,19.9
diglett_alola,ground,steel,regular,s1c2,blob,brown,265,0.2,1.0
dugtrio_alola,ground,steel,regular,s2c2,heads,brown,425,0.7,66.6
meowth_alola,dark,,regular,s1c2,quadruped,yellow,290,0.4,4.2
persian_alola,dark,,regular,s2c2,quadruped,yellow,440,1.1,33.0
geodude_alola,rock,electric,regular,s1c3,arms,brown,300,0.4,20.3
graveler_alola,rock,electric,regular,s2c3,humanoid,brown,390,1.0,110.0
golem_alola,rock,electric,regular,s3c3,humanoid,brown,495,1.7,316.0
grimer_alola,poison,dark,regular,s1c2,arms,purple,325,0.7,42.0
muk_alola,poison,dark,regular,s2c2,arms,purple,500,1.0,52.0
exeggutor_alola,grass,dragon,regular,s2c2,legs,yellow,530,10.9,415.6
marowak_alola,fire,ghost,regular,s2c2,upright,brown,425,1.0,34.0
meowth_galar,steel,,regular,s1c2,quadruped,yellow,290,0.4,7.5
ponyta_galar,psychic,,regular,s1c2,quadruped,yellow,410,0.8,24.0
rapidash_galar,psychic,fairy,regular,s2c2,quadruped,yellow,500,1.7,80.0
slowpoke_galar,psychic,,regular,s1c2,quadruped,pink,315,1.2,36.0
slowbro_galar,poison,psychic,regular,s2c2,upright,pink,490,1.6,70.5
slowking_galar,poison,psychic,regular,s2c2,upright,pink,490,1.8,79.5
farfetchd_galar,fighting,,regular,s1c2,wings,brown,377,0.8,42.0
weezing_galar,poison,fairy,regular,s2c2,heads,purple,490,3.0,16.0
mr_mime_galar,ice,psychic,regular,single,humanoid,pink,460,1.4,56.8
articuno_galar,psychic,flying,legendary,single,wings,blue,580,1.7,50.9
zapdos_galar,fighting,flying,legendary,single,wings,yellow,580,1.6,58.2
moltres_galar,dark,flying,legendary,single,wings,yellow,580,2.0,66.0
corsola_galar,ghost,,regular,s1c2,armor,pink,410,0.6,0.5
zigzagoon_galar,dark,normal,regular,s1c3,quadruped,brown,240,0.4,17.5
linoone_galar,dark,normal,regular,s2c3,quadruped,white,420,0.5,32.5
darumaka_galar,ice,,regular,s1c2,humanoid,red,315,0.7,40.0
darmanitan,ice,fire,regular,s2c2,quadruped,red,540,1.7,120.0
yamask_galar,ground,ghost,regular,s1c2,arms,black,303,0.5,1.5
stunfisk_galar,ground,steel,regular,single,fish,brown,471,0.7,20.5
growlithe_hisui,fire,rock,regular,s1c2,quadruped,brown,350,0.8,22.7
arcanine_hisui,fire,rock,regular,s2c2,quadruped,brown,555,2.0,168.0
voltorb_hisui,electric,grass,regular,s1c2,ball,red,330,0.5,13.0
electrode_hisui,electric,grass,regular,s2c2,ball,red,490,1.2,71.0
typhlosion_hisui,fire,ghost,regular,s3c3,quadruped,yellow,534,1.6,69.8
qwilfish_hisui,dark,poison,regular,s1c2,fish,gray,440,0.5,3.9
sneasel_hisui,fighting,poison,regular,s1c2,upright,black,430,0.9,27.0
samurott_hisui,water,dark,regular,s3c3,quadruped,blue,528,1.5,58.2
lilligant_hisui,grass,fighting,regular,s2c2,blob,green,480,1.2,19.2
zorua_hisui,normal,ghost,regular,s1c2,quadruped,gray,330,0.7,12.5
zoroark_hisui,normal,ghost,regular,s2c2,upright,gray,510,1.6,73.0
braviary_hisui,psychic,flying,regular,s2c2,wings,red,510,1.7,43.4
sliggoo_hisui,steel,dragon,regular,s2c3,squiggle,purple,452,0.7,68.5
goodra_hisui,steel,dragon,regular,s3c3,upright,purple,600,1.7,334.1
avalugg_hisui,ice,rock,regular,s2c2,quadruped,blue,514,1.4,262.4
decidueye_hisui,grass,fighting,regular,s3c3,wings,brown,530,1.6,37.0
dialga_hisui,steel,dragon,legendary,single,quadruped,white,680,7.0,848.7
palkia_hisui,water,dragon,legendary,single,upright,purple,680,6.3,659.0
wooper_paldea,poison,ground,regular,s1c2,legs,blue,210,0.4,11.0
tauros_paldea,fighting,,regular,single,quadruped,brown,490,1.4,115.0
